raceId,weather_condition,humidity,wmo_code,temperature
1,dry,52.666666666666664,0.0,21.400000000000002
158,dry,77.33333333333333,0.0,20.6
108,dry,87.66666666666667,2.0,16.3
55,dry,72.66666666666667,3.0,12.366666666666665
141,dry,87.33333333333333,0.0,18.366666666666664
338,dry,57.0,3.0,23.433333333333334
18,dry,18.0,0.0,36.9
175,dry,71.33333333333333,1.0,13.700000000000001
71,dry,80.66666666666667,1.0,12.966666666666667
841,dry,65.33333333333333,2.0,17.8
36,dry,43.333333333333336,0.0,21.033333333333335
90,dry,71.0,3.0,15.033333333333333
124,dry,77.66666666666667,2.0,15.566666666666668
224,dry,81.33333333333333,0.0,15.9
207,dry,67.66666666666667,0.0,13.0
191,dry,82.66666666666667,0.0,14.300000000000002
860,dry,56.333333333333336,0.0,20.933333333333334
926,dry,48.0,0.0,18.333333333333332
989,dry,40.666666666666664,1.0,22.3
969,dry,64.0,1.0,25.566666666666663
880,dry,52.333333333333336,3.0,15.766666666666666
1100,dry,57.0,1.0,17.266666666666666
54,dry,90.66666666666667,2.0,25.633333333333336
948,dry,45.333333333333336,2.0,20.7
1010,dry,48.333333333333336,0.0,26.333333333333332
900,dry,46.666666666666664,2.0,18.3
1076,dry,42.0,0.0,26.066666666666666
19,rain,78.0,53.0,28.099999999999998
72,dry,79.0,1.0,26.333333333333332
2,rain,89.66666666666667,63.0,25.733333333333334
91,dry,87.0,1.0,26.5
37,rain,77.66666666666667,61.0,28.166666666666668
174,dry,86.33333333333333,1.0,26.066666666666666
109,rain,79.66666666666667,51.0,27.166666666666668
881,rain,77.66666666666667,51.0,28.333333333333332
339,dry,73.0,2.0,29.299999999999997
189,dry,85.66666666666667,1.0,26.366666666666664
142,dry,83.66666666666667,1.0,26.233333333333334
842,rain,84.0,61.0,26.5
125,rain,84.33333333333333,53.0,26.366666666666664
963,dry,62.0,1.0,30.96666666666667
983,rain,72.33333333333333,53.0,28.2
901,rain,69.66666666666667,51.0,29.5
861,rain,81.33333333333333,51.0,28.0
927,dry,63.333333333333336,2.0,30.099999999999998
34,rain,75.66666666666667,53.0,24.599999999999998
51,rain,93.66666666666667,63.0,25.399999999999995
3,rain,89.33333333333333,53.0,18.866666666666664
89,dry,69.33333333333333,0.0,15.6
903,dry,68.33333333333333,3.0,17.166666666666668
970,dry,74.0,3.0,12.799999999999999
928,dry,47.666666666666664,0.0,19.166666666666668
1012,dry,55.333333333333336,2.0,18.099999999999998
843,dry,27.0,1.0,21.833333333333332
4,dry,35.0,0.0,30.766666666666666
340,dry,78.0,3.0,19.400000000000002
862,dry,61.666666666666664,1.0,19.133333333333333
882,dry,52.333333333333336,0.0,22.2
950,dry,42.0,1.0,20.7
38,dry,61.333333333333336,0.0,24.766666666666666
991,dry,34.0,0.0,18.666666666666668
20,dry,55.333333333333336,0.0,24.666666666666668
68,dry,87.33333333333333,3.0,20.400000000000002
53,dry,51.0,0.0,19.400000000000002
92,dry,54.333333333333336,1.0,27.099999999999998
73,dry,41.0,0.0,28.96666666666667
990,dry,75.33333333333333,0.0,24.566666666666666
929,dry,53.666666666666664,0.0,24.633333333333336
863,dry,62.333333333333336,0.0,24.53333333333333
883,dry,59.666666666666664,0.0,26.366666666666664
971,dry,69.0,0.0,25.0
902,dry,54.333333333333336,0.0,22.633333333333336
1011,dry,58.666666666666664,1.0,25.400000000000002
1045,dry,68.66666666666667,0.0,24.566666666666666
337,dry,49.333333333333336,0.0,25.566666666666666
949,dry,53.0,0.0,21.53333333333333
1046,dry,68.0,1.0,21.2
1074,dry,57.0,0.0,20.900000000000002
1052,dry,51.0,0.0,21.0
5,dry,68.33333333333333,3.0,21.433333333333334
1098,dry,62.333333333333336,0.0,22.5
39,dry,49.0,1.0,24.799999999999997
112,dry,40.333333333333336,0.0,22.2
195,dry,43.333333333333336,1.0,21.566666666666666
58,dry,57.0,1.0,22.366666666666664
21,dry,44.333333333333336,1.0,20.0
128,dry,67.0,3.0,18.666666666666668
162,dry,70.33333333333333,2.0,19.53333333333333
75,dry,57.666666666666664,0.0,19.566666666666666
94,dry,56.0,1.0,16.566666666666666
179,dry,52.0,1.0,25.766666666666666
145,dry,64.66666666666667,3.0,17.466666666666665
212,rain,48.666666666666664,51.0,22.600000000000005
243,dry,49.333333333333336,0.0,16.8
230,rain,91.33333333333333,55.0,15.200000000000001
261,dry,62.0,1.0,23.8
292,dry,55.0,3.0,15.533333333333333
341,dry,73.33333333333333,3.0,18.099999999999998
904,dry,66.33333333333333,3.0,20.5
277,dry,57.666666666666664,0.0,19.933333333333334
864,dry,68.33333333333333,2.0,21.3
318,rain,65.66666666666667,51.0,19.166666666666668
845,dry,44.333333333333336,0.0,25.433333333333334
884,dry,67.0,3.0,17.433333333333334
952,dry,70.0,1.0,19.133333333333333
930,dry,46.666666666666664,1.0,25.599999999999998
993,dry,65.0,1.0,16.133333333333336
1014,dry,57.666666666666664,0.0,20.03333333333333
1036,dry,59.333333333333336,1.0,27.733333333333334
1055,dry,67.33333333333333,2.0,20.933333333333334
1079,dry,29.666666666666668,0.0,30.433333333333334
1105,rain,77.66666666666667,51.0,21.03333333333333
130,dry,74.0,1.0,19.9
23,rain,80.66666666666667,53.0,19.666666666666668
40,dry,83.0,2.0,19.53333333333333
76,dry,67.33333333333333,0.0,20.633333333333333
95,rain,82.33333333333333,53.0,17.03333333333333
114,rain,88.0,51.0,21.63333333333333
6,dry,63.0,0.0,26.333333333333332
105,dry,88.66666666666667,2.0,21.933333333333334
147,dry,68.66666666666667,1.0,24.433333333333334
178,rain,81.0,51.0,19.7
164,dry,74.33333333333333,0.0,24.7
211,dry,55.666666666666664,3.0,18.133333333333336
196,rain,84.0,51.0,18.933333333333334
229,rain,90.66666666666667,55.0,16.233333333333334
244,dry,76.33333333333333,0.0,21.366666666666664
294,dry,76.66666666666667,1.0,22.53333333333333
308,dry,79.33333333333333,1.0,16.73333333333333
260,dry,75.0,1.0,18.3
278,dry,75.66666666666667,2.0,19.466666666666665
324,rain,78.66666666666667,51.0,19.133333333333333
342,dry,66.66666666666667,2.0,18.46666666666667
358,dry,57.0,2.0,18.633333333333336
374,rain,85.0,51.0,18.53333333333333
407,dry,80.66666666666667,1.0,19.433333333333334
423,dry,75.0,2.0,19.099999999999998
456,dry,74.33333333333333,2.0,20.299999999999997
472,dry,75.33333333333333,1.0,20.466666666666665
488,dry,66.33333333333333,1.0,22.433333333333334
518,dry,86.66666666666667,2.0,19.566666666666666
565,rain,84.33333333333333,51.0,20.333333333333332
531,rain,83.33333333333333,51.0,13.700000000000001
503,rain,81.33333333333333,51.0,14.233333333333334
441,rain,91.33333333333333,63.0,16.366666666666664
548,rain,73.66666666666667,51.0,19.366666666666667
391,dry,81.0,1.0,20.0
580,rain,74.66666666666667,53.0,13.133333333333335
595,dry,67.33333333333333,1.0,19.033333333333335
623,dry,65.33333333333333,3.0,14.166666666666666
610,dry,79.0,1.0,20.26666666666667
669,dry,74.66666666666667,1.0,20.133333333333333
634,rain,86.66666666666667,61.0,16.233333333333334
645,rain,88.33333333333333,53.0,13.433333333333332
658,rain,78.33333333333333,51.0,19.066666666666666
690,dry,78.33333333333333,0.0,20.733333333333334
680,dry,76.33333333333333,2.0,16.466666666666665
700,dry,68.0,3.0,16.900000000000002
709,dry,68.0,0.0,20.966666666666665
730,rain,56.0,51.0,17.566666666666666
719,dry,71.33333333333333,0.0,20.566666666666666
738,dry,76.66666666666667,1.0,19.066666666666666
973,dry,59.333333333333336,0.0,21.53333333333333
747,rain,85.66666666666667,51.0,19.733333333333334
756,dry,59.0,1.0,20.3
777,dry,68.0,1.0,19.366666666666667
766,dry,56.666666666666664,0.0,21.166666666666668
785,dry,56.666666666666664,1.0,19.633333333333336
834,dry,59.333333333333336,0.0,23.100000000000005
865,dry,78.33333333333333,3.0,19.999999999999996
793,dry,51.666666666666664,0.0,19.03333333333333
885,dry,58.333333333333336,0.0,16.066666666666666
846,dry,68.33333333333333,0.0,22.133333333333336
905,dry,71.0,3.0,19.0
931,dry,73.66666666666667,2.0,18.466666666666665
953,rain,88.33333333333333,53.0,19.066666666666666
974,dry,68.0,0.0,24.733333333333334
59,dry,81.33333333333333,1.0,22.233333333333334
994,dry,72.33333333333333,1.0,24.5
1015,rain,75.33333333333333,53.0,20.2
1080,rain,77.33333333333333,53.0,21.133333333333333
1056,dry,50.333333333333336,0.0,21.566666666666666
1104,rain,78.33333333333333,51.0,22.066666666666666
7,dry,35.0,0.0,28.866666666666664
22,dry,52.0,2.0,15.800000000000002
47,dry,30.666666666666668,0.0,32.6
66,dry,46.0,0.0,29.46666666666667
84,dry,64.66666666666667,1.0,24.5
343,dry,50.333333333333336,0.0,26.46666666666667
844,dry,58.666666666666664,0.0,14.799999999999999
1044,rain,76.66666666666667,51.0,12.766666666666666
1067,dry,76.33333333333333,3.0,17.63333333333333
8,dry,61.666666666666664,3.0,15.566666666666665
26,rain,87.66666666666667,55.0,14.766666666666666
44,dry,52.333333333333336,1.0,16.933333333333334
60,dry,59.0,1.0,23.666666666666668
81,dry,51.333333333333336,0.0,24.899999999999995
118,dry,43.333333333333336,2.0,21.666666666666668
133,dry,76.33333333333333,3.0,16.466666666666665
161,rain,54.333333333333336,51.0,13.366666666666667
182,dry,57.0,0.0,22.833333333333332
151,dry,49.666666666666664,2.0,15.466666666666667
199,dry,86.66666666666667,3.0,16.400000000000002
215,dry,68.66666666666667,1.0,20.73333333333333
233,rain,67.66666666666667,51.0,21.099999999999998
247,dry,60.0,2.0,20.666666666666668
264,dry,53.333333333333336,0.0,22.133333333333336
100,rain,68.33333333333333,51.0,16.400000000000002
281,dry,56.333333333333336,2.0,14.733333333333334
297,dry,58.666666666666664,3.0,18.03333333333333
312,dry,58.666666666666664,3.0,19.099999999999998
328,dry,43.0,1.0,24.766666666666666
346,dry,33.666666666666664,1.0,21.96666666666667
379,dry,79.0,3.0,17.900000000000002
363,dry,61.0,3.0,20.633333333333333
394,rain,59.0,51.0,19.0
460,dry,49.333333333333336,1.0,27.73333333333333
491,rain,53.333333333333336,51.0,15.933333333333332
427,dry,52.0,2.0,16.2
520,dry,53.333333333333336,3.0,18.0
552,rain,56.0,51.0,18.033333333333335
613,rain,65.33333333333333,51.0,18.999999999999996
585,rain,79.33333333333333,51.0,17.966666666666665
637,dry,46.333333333333336,3.0,16.066666666666666
661,dry,69.66666666666667,3.0,20.73333333333333
703,rain,60.333333333333336,51.0,17.03333333333333
684,dry,47.0,3.0,18.5
723,dry,55.666666666666664,2.0,19.466666666666665
789,dry,78.66666666666667,3.0,16.46666666666667
803,rain,83.0,51.0,14.166666666666666
813,dry,64.33333333333333,1.0,18.566666666666666
821,rain,55.0,51.0,20.366666666666664
833,dry,62.666666666666664,0.0,16.4
829,dry,54.0,2.0,17.166666666666668
752,dry,64.33333333333333,3.0,18.766666666666666
887,dry,58.0,1.0,20.866666666666664
868,rain,81.0,51.0,17.599999999999998
908,dry,47.333333333333336,2.0,17.96666666666667
771,dry,52.0,1.0,22.866666666666664
934,dry,50.333333333333336,2.0,19.966666666666665
957,dry,74.66666666666667,1.0,19.76666666666667
978,dry,79.0,3.0,19.866666666666664
998,dry,34.666666666666664,0.0,27.866666666666664
1019,dry,59.333333333333336,3.0,19.133333333333336
1034,dry,41.0,1.0,20.5
1035,dry,55.333333333333336,0.0,26.76666666666667
1083,dry,54.333333333333336,2.0,18.666666666666668
1061,dry,49.333333333333336,0.0,27.200000000000003
9,dry,74.66666666666667,3.0,17.900000000000002
45,dry,54.0,1.0,17.133333333333336
57,dry,49.333333333333336,2.0,16.700000000000003
77,dry,64.0,1.0,21.133333333333333
96,dry,39.0,2.0,19.3
132,dry,55.0,3.0,18.766666666666666
116,dry,44.333333333333336,1.0,22.066666666666666
149,dry,50.0,0.0,20.9
163,rain,81.0,51.0,10.0
188,rain,63.333333333333336,51.0,14.966666666666667
205,dry,70.0,3.0,15.233333333333334
221,dry,57.333333333333336,1.0,18.499999999999996
227,rain,72.0,51.0,13.333333333333334
253,rain,95.33333333333333,51.0,9.366666666666667
428,dry,63.0,3.0,13.833333333333334
450,dry,59.0,2.0,10.066666666666668
569,rain,52.0,51.0,13.366666666666667
600,rain,80.66666666666667,51.0,19.7
586,dry,47.0,0.0,25.0
615,dry,64.33333333333333,3.0,18.266666666666666
627,dry,60.0,1.0,16.566666666666666
638,dry,46.0,3.0,21.8
674,rain,96.33333333333333,61.0,14.4
662,dry,58.333333333333336,1.0,20.166666666666668
685,dry,45.666666666666664,1.0,17.333333333333332
695,rain,77.33333333333333,53.0,14.266666666666666
734,rain,92.33333333333333,61.0,14.266666666666666
714,rain,55.666666666666664,51.0,14.1
705,dry,71.33333333333333,1.0,14.966666666666667
724,rain,62.0,51.0,18.233333333333334
743,dry,57.666666666666664,2.0,20.73333333333333
772,dry,55.333333333333336,3.0,14.533333333333333
781,dry,57.333333333333336,0.0,19.766666666666666
790,rain,81.33333333333333,53.0,13.6
804,dry,67.33333333333333,3.0,14.5
814,rain,59.0,51.0,15.666666666666666
822,dry,43.333333333333336,1.0,19.8
830,dry,54.666666666666664,3.0,22.433333333333334
850,rain,81.66666666666667,51.0,12.200000000000001
888,dry,50.666666666666664,0.0,22.433333333333334
1041,dry,60.0,1.0,9.333333333333334
10,dry,33.666666666666664,0.0,23.666666666666668
28,dry,53.666666666666664,0.0,26.8
46,dry,44.666666666666664,3.0,24.96666666666667
65,dry,75.33333333333333,1.0,18.73333333333333
83,dry,39.666666666666664,0.0,32.6
102,dry,36.333333333333336,0.0,23.366666666666664
120,dry,31.333333333333332,0.0,27.633333333333336
136,dry,44.0,0.0,27.03333333333333
153,dry,45.333333333333336,0.0,29.666666666666668
185,dry,57.666666666666664,2.0,23.46666666666667
169,dry,33.333333333333336,0.0,30.766666666666666
217,dry,37.333333333333336,0.0,25.53333333333333
202,dry,44.0,2.0,27.333333333333332
849,dry,68.0,1.0,19.133333333333333
235,dry,40.666666666666664,2.0,24.866666666666664
249,dry,34.333333333333336,0.0,26.666666666666668
266,dry,31.333333333333332,0.0,22.166666666666668
314,dry,50.333333333333336,3.0,26.233333333333334
299,dry,37.333333333333336,0.0,24.46666666666667
283,dry,24.0,0.0,31.96666666666667
330,dry,39.0,1.0,25.26666666666667
348,dry,57.333333333333336,0.0,27.100000000000005
365,dry,63.0,2.0,22.366666666666664
381,dry,48.666666666666664,3.0,23.933333333333337
396,dry,47.666666666666664,1.0,23.3
414,dry,42.333333333333336,0.0,27.933333333333334
851,dry,75.66666666666667,3.0,17.066666666666666
890,dry,28.333333333333332,0.0,34.4
870,dry,40.333333333333336,0.0,31.96666666666667
936,dry,29.666666666666668,1.0,25.433333333333334
910,rain,67.66666666666667,53.0,24.933333333333337
958,dry,58.333333333333336,0.0,27.63333333333333
979,dry,43.0,0.0,28.900000000000002
1000,dry,39.666666666666664,0.0,31.599999999999998
1062,rain,42.333333333333336,51.0,30.066666666666666
1033,rain,73.66666666666667,51.0,20.8
1021,dry,39.666666666666664,1.0,23.933333333333337
1086,rain,75.66666666666667,51.0,17.833333333333332
11,dry,32.0,0.0,33.199999999999996
29,dry,49.666666666666664,0.0,30.366666666666664
345,dry,28.666666666666668,0.0,29.599999999999998
848,dry,35.666666666666664,0.0,31.599999999999998
867,dry,38.0,0.0,30.733333333333334
30,dry,85.33333333333333,3.0,14.366666666666667
12,dry,54.333333333333336,3.0,17.333333333333332
49,dry,63.0,1.0,18.466666666666665
86,rain,97.0,51.0,17.566666666666666
103,dry,59.666666666666664,2.0,17.3
137,dry,63.0,3.0,15.266666666666666
170,rain,89.33333333333333,53.0,15.800000000000002
186,dry,60.0,3.0,19.466666666666665
154,dry,78.33333333333333,3.0,15.266666666666666
203,rain,91.0,51.0,13.0
218,dry,60.333333333333336,0.0,27.400000000000002
236,rain,77.0,51.0,16.799999999999997
250,dry,83.0,3.0,15.566666666666668
267,dry,53.0,3.0,16.0
284,dry,51.666666666666664,3.0,16.03333333333333
300,dry,74.0,3.0,15.4
315,dry,53.0,0.0,20.5
331,dry,67.33333333333333,1.0,22.233333333333334
349,rain,83.0,51.0,14.033333333333331
366,rain,90.33333333333333,63.0,13.133333333333335
382,dry,65.33333333333333,0.0,24.366666666666664
390,dry,49.666666666666664,3.0,11.366666666666667
408,dry,58.666666666666664,0.0,17.233333333333334
432,rain,87.66666666666667,51.0,13.366666666666667
457,dry,60.333333333333336,3.0,12.833333333333334
646,dry,63.0,3.0,21.266666666666666
670,dry,60.333333333333336,3.0,13.433333333333332
682,dry,72.0,3.0,16.166666666666668
691,rain,92.0,53.0,17.566666666666666
701,rain,81.0,51.0,17.233333333333334
711,dry,60.0,3.0,17.566666666666666
720,rain,72.0,53.0,21.066666666666666
731,rain,61.0,51.0,19.5
740,dry,76.0,3.0,19.866666666666664
750,rain,73.66666666666667,51.0,20.133333333333336
769,dry,44.0,0.0,20.2
787,dry,77.66666666666667,3.0,13.466666666666667
795,dry,55.333333333333336,3.0,17.366666666666664
811,dry,49.0,1.0,23.7
801,rain,70.33333333333333,51.0,24.433333333333334
819,rain,61.0,53.0,17.266666666666666
827,rain,77.33333333333333,51.0,20.0
837,dry,53.0,1.0,17.599999999999998
852,dry,68.66666666666667,3.0,14.133333333333333
871,dry,58.333333333333336,1.0,18.8
891,rain,75.33333333333333,51.0,17.266666666666666
911,rain,56.0,51.0,14.700000000000001
937,dry,47.333333333333336,1.0,23.8
960,dry,67.0,0.0,24.333333333333332
980,dry,67.0,1.0,22.600000000000005
1001,dry,40.666666666666664,3.0,17.266666666666666
1022,dry,59.0,2.0,17.5
1037,dry,59.0,2.0,17.833333333333336
1063,rain,94.66666666666667,51.0,13.033333333333333
1087,dry,43.666666666666664,0.0,20.5
13,dry,38.333333333333336,0.0,25.633333333333336
31,rain,80.33333333333333,53.0,15.9
48,dry,47.333333333333336,0.0,24.566666666666663
67,dry,48.333333333333336,0.0,24.566666666666663
85,dry,71.33333333333333,2.0,22.7
104,dry,66.33333333333333,2.0,21.3
121,dry,44.0,0.0,22.133333333333336
138,dry,47.666666666666664,0.0,23.46666666666667
155,dry,47.333333333333336,0.0,19.633333333333336
171,dry,47.0,0.0,24.700000000000003
187,dry,52.333333333333336,0.0,25.900000000000002
204,dry,54.666666666666664,1.0,17.566666666666666
219,dry,58.333333333333336,0.0,26.366666666666664
237,dry,43.333333333333336,0.0,20.033333333333335
251,dry,70.0,3.0,19.666666666666668
268,dry,62.666666666666664,2.0,22.333333333333332
285,dry,62.0,0.0,21.099999999999998
301,dry,47.666666666666664,0.0,24.933333333333337
316,dry,45.0,0.0,21.900000000000002
332,dry,43.333333333333336,1.0,22.733333333333334
350,dry,55.666666666666664,1.0,22.53333333333333
367,dry,56.666666666666664,0.0,22.133333333333336
398,dry,39.0,0.0,25.866666666666664
383,dry,51.333333333333336,1.0,24.133333333333336
416,dry,54.0,0.0,23.666666666666668
449,dry,51.333333333333336,0.0,20.233333333333334
431,dry,51.666666666666664,1.0,23.53333333333333
464,rain,72.0,51.0,21.566666666666666
481,dry,60.0,0.0,25.166666666666668
495,rain,77.66666666666667,51.0,21.3
524,dry,57.0,0.0,23.96666666666667
540,dry,56.333333333333336,1.0,26.566666666666666
572,dry,69.33333333333333,3.0,15.633333333333333
556,dry,63.333333333333336,0.0,22.333333333333332
588,rain,82.33333333333333,51.0,20.4
602,dry,57.0,0.0,22.53333333333333
617,dry,54.0,0.0,26.666666666666668
629,rain,81.0,51.0,20.033333333333335
640,dry,57.666666666666664,0.0,24.7
652,dry,42.666666666666664,0.0,28.96666666666667
675,dry,57.0,0.0,23.566666666666666
687,dry,52.333333333333336,0.0,20.266666666666666
663,dry,71.33333333333333,1.0,20.666666666666668
696,rain,65.33333333333333,51.0,23.7
706,rain,70.66666666666667,51.0,16.766666666666666
716,rain,70.0,51.0,21.266666666666666
725,dry,54.333333333333336,2.0,21.366666666666664
735,dry,47.666666666666664,1.0,23.233333333333334
744,dry,43.333333333333336,0.0,22.833333333333332
754,dry,60.0,3.0,22.433333333333334
763,dry,56.0,0.0,23.366666666666664
774,dry,45.333333333333336,0.0,25.2
783,dry,49.666666666666664,0.0,24.96666666666667
791,dry,70.33333333333333,1.0,22.53333333333333
798,dry,59.0,1.0,20.566666666666666
806,rain,64.33333333333333,51.0,24.2
816,dry,42.333333333333336,0.0,25.03333333333333
824,rain,78.66666666666667,51.0,20.266666666666666
831,dry,60.0,0.0,26.066666666666663
839,dry,43.666666666666664,1.0,23.066666666666663
872,dry,44.0,0.0,26.8
853,dry,65.0,0.0,25.666666666666668
892,rain,71.0,51.0,23.833333333333332
912,dry,66.66666666666667,1.0,24.266666666666666
938,dry,44.0,0.0,22.066666666666663
981,dry,43.666666666666664,0.0,22.066666666666666
961,dry,59.0,1.0,27.46666666666667
1002,dry,75.33333333333333,3.0,20.166666666666668
1023,dry,58.333333333333336,0.0,18.36666666666667
1038,dry,53.666666666666664,0.0,24.5
1089,dry,48.0,0.0,24.866666666666664
1065,dry,35.333333333333336,0.0,27.600000000000005
14,dry,77.66666666666667,1.0,27.96666666666667
32,dry,75.33333333333333,1.0,28.166666666666668
351,rain,86.33333333333333,51.0,26.599999999999998
854,dry,82.33333333333333,0.0,27.333333333333332
873,dry,85.33333333333333,1.0,26.73333333333333
893,dry,78.0,1.0,28.166666666666668
939,dry,82.33333333333333,2.0,27.599999999999998
913,dry,79.33333333333333,1.0,27.0
962,dry,83.0,1.0,27.8
982,rain,89.0,51.0,26.066666666666663
1003,dry,68.0,0.0,28.166666666666668
1024,dry,76.66666666666667,2.0,28.03333333333333
1091,dry,78.33333333333333,2.0,26.96666666666667
15,dry,48.666666666666664,0.0,24.833333333333332
88,dry,86.66666666666667,3.0,19.366666666666667
69,dry,72.0,0.0,16.0
106,dry,96.66666666666667,1.0,20.633333333333333
123,rain,98.33333333333333,51.0,21.600000000000005
140,dry,83.0,0.0,18.76666666666667
157,dry,90.0,0.0,14.933333333333332
190,dry,76.66666666666667,2.0,16.066666666666666
173,rain,94.0,53.0,18.266666666666666
206,dry,90.0,0.0,14.733333333333334
222,dry,76.0,0.0,12.766666666666666
239,dry,91.66666666666667,0.0,17.8
271,dry,96.66666666666667,3.0,16.099999999999998
255,dry,94.0,1.0,15.1
287,dry,75.33333333333333,0.0,12.066666666666668
303,dry,62.0,0.0,12.700000000000001
319,dry,69.66666666666667,0.0,12.933333333333332
335,dry,92.33333333333333,1.0,14.233333333333333
352,dry,69.33333333333333,0.0,23.233333333333334
370,dry,93.66666666666667,1.0,13.5
386,dry,71.0,0.0,10.266666666666667
402,dry,81.66666666666667,3.0,15.566666666666668
855,dry,52.0,1.0,21.666666666666668
874,dry,59.333333333333336,0.0,23.133333333333336
895,dry,42.0,0.0,22.866666666666664
964,dry,60.666666666666664,1.0,20.433333333333334
940,dry,58.0,0.0,26.066666666666666
914,dry,85.0,3.0,20.433333333333334
1005,dry,66.33333333333333,0.0,25.133333333333336
984,dry,70.33333333333333,0.0,25.13333333333333
1026,dry,62.0,0.0,21.266666666666666
1092,rain,91.0,53.0,17.7
16,rain,81.66666666666667,55.0,22.599999999999998
35,rain,77.66666666666667,51.0,24.433333333333337
52,dry,34.666666666666664,1.0,32.0
87,rain,84.33333333333333,53.0,20.833333333333332
70,dry,59.0,1.0,20.73333333333333
107,dry,61.333333333333336,1.0,24.933333333333334
110,rain,86.33333333333333,51.0,20.900000000000002
126,dry,55.666666666666664,0.0,26.23333333333333
143,dry,74.0,0.0,24.266666666666666
159,dry,76.33333333333333,2.0,22.266666666666666
176,dry,70.33333333333333,3.0,19.7
208,dry,71.66666666666667,2.0,18.933333333333334
192,dry,76.66666666666667,1.0,25.2
225,dry,61.0,0.0,27.166666666666668
240,rain,80.33333333333333,51.0,19.799999999999997
257,rain,78.66666666666667,51.0,19.166666666666668
274,dry,82.33333333333333,3.0,22.600000000000005
291,dry,75.33333333333333,1.0,23.066666666666663
306,rain,83.66666666666667,51.0,21.333333333333332
354,dry,64.33333333333333,3.0,22.633333333333336
322,dry,72.66666666666667,1.0,24.133333333333336
499,dry,81.33333333333333,3.0,22.599999999999998
544,dry,75.33333333333333,2.0,23.233333333333334
560,dry,70.33333333333333,1.0,25.8
859,rain,92.0,61.0,21.53333333333333
591,dry,72.66666666666667,1.0,24.866666666666664
577,dry,62.0,0.0,26.633333333333336
606,dry,68.0,0.0,27.633333333333336
879,rain,85.66666666666667,53.0,20.099999999999998
899,rain,91.66666666666667,61.0,19.96666666666667
917,rain,76.66666666666667,51.0,22.066666666666666
944,dry,88.66666666666667,3.0,23.233333333333334
513,rain,84.0,51.0,20.333333333333332
987,dry,41.333333333333336,0.0,25.933333333333337
967,rain,91.33333333333333,53.0,17.933333333333334
1008,rain,80.33333333333333,53.0,23.2
1029,dry,69.0,3.0,19.766666666666666
1071,dry,70.33333333333333,2.0,20.633333333333333
1095,dry,71.33333333333333,0.0,24.666666666666668
17,dry,24.0,0.0,34.300000000000004
355,dry,50.0,0.0,28.266666666666666
858,dry,57.0,0.0,25.7
918,dry,63.666666666666664,0.0,26.76666666666667
877,dry,44.333333333333336,1.0,30.26666666666667
945,dry,50.666666666666664,0.0,26.333333333333332
968,dry,46.0,0.0,27.133333333333336
988,dry,47.666666666666664,0.0,24.53333333333333
1009,dry,46.0,1.0,30.600000000000005
1030,dry,52.0,1.0,26.166666666666668
1047,dry,46.666666666666664,0.0,23.166666666666668
897,dry,45.0,0.0,31.933333333333337
1073,dry,56.666666666666664,1.0,24.200000000000003
1096,dry,59.333333333333336,0.0,28.0
24,dry,62.333333333333336,3.0,28.866666666666664
41,dry,64.66666666666667,1.0,23.933333333333334
61,dry,72.66666666666667,0.0,21.5
78,dry,77.33333333333333,2.0,26.0
115,dry,71.33333333333333,0.0,15.566666666666668
97,dry,61.0,1.0,17.733333333333334
131,dry,78.0,1.0,18.833333333333332
148,dry,67.0,0.0,17.933333333333334
165,dry,53.333333333333336,3.0,14.6
180,dry,56.333333333333336,0.0,23.3
197,dry,77.0,3.0,11.5
231,dry,65.66666666666667,0.0,15.866666666666667
213,dry,50.333333333333336,0.0,15.766666666666666
245,rain,87.33333333333333,61.0,16.866666666666667
262,rain,87.66666666666667,55.0,16.833333333333332
279,dry,71.66666666666667,0.0,21.3
295,dry,62.666666666666664,3.0,16.666666666666664
309,dry,57.666666666666664,0.0,17.433333333333334
325,rain,95.66666666666667,51.0,15.299999999999999
344,dry,55.0,2.0,23.96666666666667
376,dry,55.666666666666664,1.0,20.2
361,dry,71.0,1.0,18.166666666666668
409,dry,65.33333333333333,0.0,18.26666666666667
424,dry,68.66666666666667,2.0,17.23333333333333
459,dry,72.33333333333333,1.0,18.900000000000002
442,dry,68.66666666666667,0.0,18.433333333333334
474,rain,86.0,51.0,13.9
496,rain,91.66666666666667,55.0,15.333333333333334
525,dry,90.33333333333333,2.0,13.933333333333332
510,dry,70.33333333333333,0.0,7.7
847,rain,89.33333333333333,61.0,16.633333333333336
542,dry,59.333333333333336,2.0,4.366666666666666
866,dry,38.0,0.0,25.46666666666667
975,dry,53.666666666666664,0.0,28.566666666666663
886,rain,49.0,51.0,22.53333333333333
995,dry,41.333333333333336,1.0,19.066666666666666
906,dry,43.0,0.0,27.099999999999998
954,dry,55.0,3.0,12.299999999999999
932,dry,38.333333333333336,2.0,20.6
1106,dry,78.33333333333333,3.0,23.03333333333333
25,dry,64.33333333333333,1.0,26.96666666666667
1082,dry,34.666666666666664,0.0,20.6
1016,dry,33.0,0.0,26.7
99,dry,37.333333333333336,0.0,24.733333333333334
80,dry,44.333333333333336,0.0,28.633333333333336
43,dry,69.0,3.0,21.266666666666666
117,dry,44.666666666666664,3.0,21.96666666666667
63,dry,30.0,0.0,32.8
134,dry,45.0,0.0,23.400000000000002
150,dry,44.666666666666664,1.0,22.733333333333334
166,dry,50.666666666666664,1.0,28.400000000000002
198,dry,41.0,2.0,20.466666666666665
181,rain,65.33333333333333,51.0,20.933333333333334
232,dry,46.0,1.0,19.5
246,dry,65.0,1.0,23.53333333333333
280,dry,46.666666666666664,0.0,27.099999999999998
296,rain,80.0,51.0,17.999999999999996
263,dry,54.333333333333336,1.0,30.333333333333332
311,dry,61.333333333333336,1.0,24.099999999999998
214,dry,63.0,1.0,19.933333333333334
64,dry,34.0,1.0,30.599999999999998
101,dry,40.0,2.0,24.633333333333336
82,dry,51.666666666666664,3.0,22.3
27,dry,38.666666666666664,2.0,22.266666666666666
119,dry,28.333333333333332,0.0,34.43333333333333
152,dry,46.333333333333336,2.0,27.666666666666668
135,dry,42.666666666666664,0.0,27.333333333333332
168,rain,71.33333333333333,51.0,20.5
184,dry,33.0,1.0,26.86666666666667
201,dry,56.333333333333336,3.0,21.73333333333333
216,rain,67.66666666666667,51.0,23.03333333333333
248,dry,37.666666666666664,0.0,28.166666666666668
234,dry,50.0,1.0,26.5
265,dry,42.333333333333336,1.0,30.366666666666664
282,dry,49.666666666666664,1.0,20.566666666666666
298,dry,37.333333333333336,1.0,26.599999999999998
313,dry,33.666666666666664,1.0,25.833333333333332
364,dry,41.666666666666664,1.0,26.5
329,dry,45.333333333333336,1.0,29.933333333333334
347,dry,47.0,3.0,20.666666666666668
380,dry,66.0,3.0,20.933333333333334
395,dry,51.666666666666664,1.0,16.333333333333332
413,dry,53.0,1.0,23.833333333333332
446,dry,57.333333333333336,1.0,21.233333333333334
461,rain,63.666666666666664,51.0,20.700000000000003
478,dry,79.0,2.0,22.433333333333334
492,dry,56.666666666666664,2.0,27.633333333333336
521,dry,46.0,0.0,27.7
506,rain,65.33333333333333,51.0,21.666666666666668
537,dry,43.0,0.0,29.76666666666667
553,dry,65.66666666666667,2.0,21.599999999999998
650,dry,66.66666666666667,1.0,25.133333333333336
869,dry,45.0,1.0,19.366666666666664
999,dry,56.333333333333336,1.0,25.3
909,dry,53.0,3.0,25.866666666666664
959,dry,60.666666666666664,1.0,22.633333333333336
1020,rain,70.66666666666667,51.0,23.166666666666668
33,dry,64.66666666666667,3.0,16.766666666666666
50,rain,99.0,53.0,14.833333333333334
559,dry,88.0,0.0,11.633333333333333
575,dry,90.0,0.0,14.433333333333335
42,dry,32.333333333333336,1.0,32.93333333333334
62,dry,52.333333333333336,1.0,27.833333333333332
79,dry,62.333333333333336,1.0,20.5
98,dry,72.0,0.0,14.533333333333333
122,dry,74.66666666666667,1.0,9.166666666666666
172,rain,95.66666666666667,61.0,14.5
139,dry,84.0,0.0,15.733333333333334
748,dry,89.0,3.0,17.066666666666666
757,dry,90.33333333333333,0.0,22.0
768,dry,64.0,0.0,16.733333333333334
156,dry,82.66666666666667,0.0,10.033333333333333
778,dry,75.66666666666667,0.0,18.099999999999998
794,dry,76.0,3.0,11.666666666666666
809,dry,79.66666666666667,0.0,23.633333333333336
818,dry,65.66666666666667,0.0,12.966666666666667
800,dry,68.0,0.0,20.333333333333332
786,dry,80.0,0.0,23.23333333333333
826,dry,80.33333333333333,0.0,16.599999999999998
835,dry,92.66666666666667,2.0,18.433333333333334
56,dry,41.333333333333336,0.0,22.933333333333334
74,dry,55.333333333333336,3.0,18.566666666666666
93,dry,53.666666666666664,1.0,16.099999999999998
111,dry,46.666666666666664,2.0,17.766666666666666
144,dry,43.0,1.0,13.533333333333331
160,dry,34.666666666666664,1.0,17.46666666666667
177,dry,49.0,0.0,24.53333333333333
194,dry,34.333333333333336,1.0,25.566666666666666
127,dry,58.666666666666664,1.0,17.666666666666668
210,rain,80.33333333333333,55.0,13.866666666666667
259,dry,42.333333333333336,1.0,24.96666666666667
228,dry,47.0,1.0,20.333333333333332
276,rain,54.333333333333336,51.0,17.5
242,rain,79.0,51.0,17.166666666666668
293,dry,29.333333333333332,0.0,29.099999999999998
307,rain,62.666666666666664,51.0,16.76666666666667
323,dry,44.0,1.0,23.8
357,dry,52.0,1.0,15.166666666666666
373,dry,48.333333333333336,1.0,20.666666666666664
389,dry,38.666666666666664,0.0,23.099999999999998
439,dry,53.0,3.0,21.7
422,rain,76.0,51.0,13.766666666666666
406,rain,78.66666666666667,51.0,15.766666666666666
455,dry,64.33333333333333,3.0,21.0
470,dry,47.0,2.0,13.833333333333334
1053,dry,59.0,2.0,13.0
1043,dry,65.33333333333333,2.0,18.200000000000003
486,rain,85.66666666666667,51.0,13.299999999999999
509,rain,66.66666666666667,51.0,23.866666666666664
1077,rain,69.66666666666667,61.0,14.333333333333334
1103,dry,61.666666666666664,0.0,22.76666666666667
113,dry,61.0,2.0,18.166666666666668
146,dry,36.0,1.0,18.5
129,rain,80.66666666666667,63.0,15.799999999999999
167,dry,51.666666666666664,3.0,15.033333333333331
397,dry,51.0,1.0,19.8
200,rain,69.33333333333333,51.0,22.766666666666666
220,dry,62.333333333333336,3.0,14.733333333333333
183,dry,70.0,3.0,19.066666666666666
415,dry,48.0,0.0,26.866666666666664
429,dry,51.0,1.0,18.76666666666667
447,dry,52.0,2.0,18.966666666666665
462,dry,51.333333333333336,3.0,18.066666666666666
493,dry,53.666666666666664,0.0,25.96666666666667
507,rain,67.66666666666667,51.0,20.46666666666667
479,dry,58.333333333333336,2.0,25.266666666666666
522,dry,64.66666666666667,2.0,16.066666666666666
538,rain,68.33333333333333,51.0,17.333333333333336
554,rain,83.0,51.0,16.6
570,rain,66.66666666666667,51.0,19.500000000000004
587,dry,57.333333333333336,1.0,22.899999999999995
601,dry,43.666666666666664,0.0,28.2
639,dry,45.666666666666664,0.0,28.400000000000002
616,dry,41.333333333333336,1.0,25.900000000000002
628,dry,57.0,0.0,27.933333333333334
651,rain,66.66666666666667,51.0,22.366666666666664
907,dry,43.0,1.0,23.0
933,dry,49.0,3.0,16.333333333333332
956,dry,77.33333333333333,3.0,14.1
1018,dry,39.0,0.0,29.96666666666667
997,dry,53.666666666666664,2.0,19.3
977,dry,56.333333333333336,2.0,26.0
1031,dry,46.333333333333336,1.0,26.133333333333336
1032,dry,42.666666666666664,2.0,19.2
1058,dry,50.333333333333336,1.0,24.8
1060,dry,59.0,2.0,21.433333333333334
193,dry,85.66666666666667,3.0,18.53333333333333
1084,rain,69.33333333333333,51.0,19.133333333333336
209,dry,80.66666666666667,0.0,22.333333333333332
241,rain,93.33333333333333,63.0,16.666666666666668
226,dry,61.0,0.0,14.033333333333333
485,dry,90.66666666666667,2.0,19.1
498,dry,57.0,0.0,24.633333333333336
512,dry,66.66666666666667,0.0,24.333333333333332
527,dry,51.333333333333336,0.0,24.433333333333337
543,dry,76.33333333333333,0.0,28.733333333333334
576,dry,75.0,1.0,21.366666666666664
590,dry,73.66666666666667,2.0,25.400000000000002
605,dry,75.0,1.0,24.433333333333334
620,dry,51.333333333333336,0.0,25.8
746,dry,41.333333333333336,0.0,26.2
765,dry,54.0,0.0,18.366666666666664
784,dry,43.0,0.0,28.666666666666668
776,dry,53.666666666666664,1.0,24.53333333333333
792,dry,51.0,0.0,28.066666666666666
799,dry,68.33333333333333,1.0,23.166666666666668
808,dry,80.0,2.0,24.03333333333333
223,dry,68.0,3.0,23.5
270,dry,51.333333333333336,1.0,24.2
334,dry,50.333333333333336,1.0,27.733333333333334
369,rain,48.333333333333336,51.0,26.900000000000002
400,dry,60.666666666666664,1.0,24.8
385,dry,40.666666666666664,0.0,28.7
405,dry,35.333333333333336,0.0,15.9
238,dry,66.33333333333333,1.0,18.200000000000003
269,dry,80.0,3.0,17.7
252,dry,61.333333333333336,0.0,20.133333333333333
286,dry,59.0,0.0,18.000000000000004
333,rain,69.33333333333333,51.0,20.633333333333336
302,dry,61.0,2.0,17.76666666666667
317,dry,77.0,0.0,22.733333333333334
368,dry,68.0,0.0,20.466666666666665
384,dry,68.66666666666667,0.0,21.13333333333333
399,rain,83.0,51.0,21.166666666666668
417,dry,79.33333333333333,1.0,22.233333333333334
451,dry,68.0,0.0,17.333333333333332
421,dry,74.66666666666667,3.0,14.5
254,dry,81.66666666666667,1.0,14.1
258,dry,69.0,1.0,10.466666666666667
256,dry,37.0,1.0,19.76666666666667
272,dry,70.66666666666667,1.0,11.700000000000001
320,dry,82.66666666666667,1.0,13.966666666666667
304,dry,73.66666666666667,1.0,13.166666666666666
336,dry,61.333333333333336,0.0,22.066666666666663
288,dry,71.0,2.0,17.0
371,dry,78.0,3.0,11.533333333333333
403,dry,47.333333333333336,3.0,22.53333333333333
419,dry,77.66666666666667,0.0,9.866666666666667
435,dry,57.666666666666664,2.0,19.466666666666665
273,dry,40.0,1.0,25.666666666666668
289,dry,27.666666666666668,0.0,30.433333333333337
434,dry,25.0,0.0,25.566666666666663
467,rain,55.333333333333336,51.0,23.266666666666666
500,dry,53.0,3.0,23.866666666666664
529,rain,74.0,51.0,22.066666666666666
514,dry,65.0,2.0,24.400000000000002
437,dry,42.0,1.0,24.366666666666664
466,dry,17.666666666666668,0.0,25.166666666666668
545,dry,78.33333333333333,3.0,18.366666666666667
561,rain,66.0,51.0,23.599999999999998
578,rain,63.0,51.0,22.666666666666668
592,dry,49.333333333333336,3.0,21.333333333333332
607,rain,62.0,53.0,25.133333333333336
621,rain,71.66666666666667,51.0,22.733333333333334
632,dry,39.333333333333336,1.0,26.400000000000002
643,dry,61.666666666666664,1.0,23.900000000000002
656,dry,60.0,1.0,24.900000000000002
667,dry,49.666666666666664,2.0,26.366666666666664
679,rain,57.333333333333336,51.0,24.166666666666668
275,rain,82.0,53.0,9.633333333333333
290,dry,80.0,0.0,10.966666666666669
310,dry,91.33333333333333,3.0,14.799999999999999
326,rain,93.33333333333333,51.0,13.799999999999999
359,dry,90.33333333333333,1.0,11.333333333333334
375,dry,81.33333333333333,0.0,13.766666666666666
401,dry,84.33333333333333,0.0,9.3
418,dry,96.0,1.0,12.1
655,dry,90.0,0.0,12.033333333333333
666,dry,84.66666666666667,0.0,11.233333333333334
678,dry,76.66666666666667,1.0,10.0
689,dry,96.33333333333333,3.0,7.466666666666666
698,dry,91.33333333333333,0.0,9.533333333333333
708,dry,74.66666666666667,0.0,7.166666666666667
718,dry,88.66666666666667,0.0,8.166666666666666
727,dry,96.0,3.0,10.633333333333335
943,dry,60.333333333333336,1.0,20.233333333333334
966,dry,47.333333333333336,2.0,19.400000000000002
986,dry,44.333333333333336,1.0,20.5
1007,dry,61.666666666666664,1.0,18.2
1027,rain,60.0,51.0,19.966666666666665
1070,dry,35.666666666666664,1.0,20.166666666666668
1094,dry,45.0,0.0,21.833333333333332
305,dry,72.0,1.0,12.333333333333334
321,dry,66.0,1.0,9.933333333333334
360,dry,26.666666666666668,0.0,22.900000000000002
327,dry,40.333333333333336,0.0,27.0
362,dry,37.666666666666664,0.0,27.96666666666667
378,dry,52.666666666666664,0.0,22.166666666666668
426,dry,55.666666666666664,0.0,26.700000000000003
393,dry,56.666666666666664,0.0,26.966666666666665
411,rain,71.66666666666667,51.0,22.566666666666663
477,dry,35.333333333333336,0.0,25.73333333333333
454,dry,55.0,1.0,15.333333333333334
504,dry,52.666666666666664,3.0,20.566666666666666
535,dry,52.0,3.0,21.899999999999995
567,dry,59.0,1.0,24.766666666666666
584,dry,47.0,0.0,24.433333333333334
612,dry,46.666666666666664,0.0,26.733333333333334
636,rain,62.666666666666664,51.0,23.066666666666666
996,dry,59.333333333333336,2.0,21.633333333333336
387,dry,84.0,1.0,17.2
1017,dry,45.666666666666664,0.0,26.133333333333336
1059,rain,63.0,51.0,26.100000000000005
1085,dry,43.0,0.0,30.833333333333332
856,dry,66.66666666666667,2.0,18.866666666666664
353,rain,88.0,53.0,18.0
356,dry,69.0,0.0,27.900000000000002
875,dry,70.0,0.0,21.2
894,dry,73.66666666666667,2.0,24.7
372,rain,84.33333333333333,51.0,23.566666666666666
388,dry,69.66666666666667,0.0,28.599999999999998
404,dry,69.0,0.0,26.166666666666668
420,dry,70.33333333333333,0.0,27.899999999999995
436,dry,63.333333333333336,0.0,25.366666666666664
452,dry,74.33333333333333,0.0,28.933333333333334
468,dry,86.0,1.0,25.799999999999997
484,rain,82.66666666666667,53.0,23.933333333333334
528,dry,59.333333333333336,0.0,30.733333333333334
377,dry,44.666666666666664,1.0,23.933333333333334
392,rain,93.33333333333333,51.0,23.166666666666668
410,dry,71.0,0.0,23.366666666666664
425,dry,64.66666666666667,0.0,20.0
443,dry,81.66666666666667,0.0,20.4
458,dry,74.33333333333333,1.0,16.3
473,dry,63.333333333333336,0.0,16.133333333333336
412,rain,61.0,51.0,18.366666666666667
433,dry,71.0,3.0,16.96666666666667
445,dry,58.0,2.0,20.76666666666667
465,dry,65.33333333333333,1.0,16.066666666666666
476,dry,53.0,1.0,21.433333333333334
505,dry,56.333333333333336,3.0,16.766666666666666
536,dry,62.0,2.0,17.26666666666667
568,dry,56.333333333333336,2.0,22.933333333333334
599,rain,70.0,51.0,20.099999999999998
626,dry,62.666666666666664,2.0,17.4
649,dry,55.0,2.0,20.266666666666666
673,dry,72.0,3.0,18.233333333333334
693,rain,71.33333333333333,51.0,16.3
713,dry,77.33333333333333,3.0,17.333333333333332
430,rain,68.33333333333333,51.0,16.0
448,dry,78.0,1.0,17.733333333333334
463,dry,67.33333333333333,3.0,17.433333333333334
475,dry,76.0,2.0,15.033333333333333
494,dry,58.333333333333336,2.0,17.6
508,rain,77.33333333333333,51.0,15.866666666666665
539,dry,62.0,2.0,14.366666666666667
523,dry,77.66666666666667,2.0,16.0
555,dry,66.0,1.0,15.799999999999999
571,rain,65.0,51.0,21.900000000000002
583,rain,84.33333333333333,51.0,17.266666666666666
597,dry,70.33333333333333,0.0,19.333333333333332
635,rain,91.66666666666667,51.0,13.933333333333335
647,dry,66.33333333333333,0.0,19.866666666666667
671,rain,83.33333333333333,53.0,14.466666666666667
681,dry,80.33333333333333,0.0,15.766666666666666
704,dry,67.0,2.0,19.033333333333335
694,dry,72.66666666666667,1.0,19.633333333333336
710,dry,48.0,1.0,21.233333333333334
721,dry,72.0,1.0,14.533333333333333
729,dry,69.66666666666667,0.0,10.833333333333334
749,rain,84.0,55.0,18.733333333333334
739,dry,70.66666666666667,2.0,13.300000000000002
758,dry,71.66666666666667,2.0,15.333333333333334
767,rain,73.66666666666667,51.0,13.933333333333332
796,dry,66.66666666666667,1.0,20.46666666666667
810,dry,67.66666666666667,0.0,14.199999999999998
823,rain,80.66666666666667,53.0,17.133333333333336
1064,dry,59.666666666666664,0.0,20.966666666666665
1088,dry,60.0,3.0,24.066666666666666
487,rain,65.33333333333333,51.0,15.666666666666666
438,dry,35.333333333333336,0.0,13.066666666666668
471,dry,53.0,0.0,13.533333333333333
502,dry,42.666666666666664,2.0,12.5
517,dry,63.0,3.0,18.400000000000002
532,dry,70.33333333333333,3.0,12.966666666666667
549,rain,80.66666666666667,53.0,14.433333333333332
564,dry,38.333333333333336,3.0,17.133333333333336
581,dry,54.0,2.0,16.6
609,dry,49.333333333333336,1.0,19.700000000000003
480,dry,53.333333333333336,0.0,19.633333333333333
490,dry,69.66666666666667,3.0,19.366666666666664
519,dry,55.666666666666664,3.0,14.366666666666667
551,dry,53.333333333333336,0.0,25.5
453,dry,86.66666666666667,1.0,10.3
598,dry,54.0,2.0,17.0
444,dry,61.666666666666664,0.0,27.7
440,dry,64.0,2.0,14.9
469,dry,88.66666666666667,1.0,12.266666666666666
483,dry,89.0,0.0,9.833333333333334
501,dry,88.0,0.0,10.533333333333333
515,dry,93.0,1.0,11.666666666666666
530,dry,81.33333333333333,1.0,12.133333333333333
546,dry,90.33333333333333,0.0,9.733333333333333
562,dry,62.666666666666664,0.0,9.666666666666666
482,dry,54.666666666666664,1.0,23.53333333333333
497,dry,71.66666666666667,0.0,7.566666666666666
489,dry,27.666666666666668,1.0,29.700000000000003
547,dry,31.666666666666668,0.0,20.6
533,dry,43.333333333333336,3.0,23.3
563,dry,32.666666666666664,0.0,18.3
516,dry,41.666666666666664,2.0,14.433333333333332
593,rain,82.0,51.0,10.299999999999999
644,dry,34.666666666666664,0.0,16.666666666666668
622,rain,83.33333333333333,53.0,9.233333333333334
668,dry,43.333333333333336,0.0,16.599999999999998
511,dry,77.0,2.0,4.7666666666666675
526,dry,75.66666666666667,3.0,8.666666666666666
541,rain,97.0,53.0,11.699999999999998
557,dry,92.66666666666667,3.0,9.5
574,dry,71.0,2.0,3.9
604,dry,73.33333333333333,0.0,11.533333333333333
589,dry,83.33333333333333,1.0,10.066666666666668
619,dry,72.66666666666667,3.0,9.433333333333334
614,dry,83.0,2.0,16.26666666666667
631,dry,76.0,0.0,8.6
659,dry,63.0,2.0,16.033333333333335
642,dry,98.33333333333333,3.0,15.433333333333335
654,dry,72.66666666666667,1.0,6.333333333333333
665,dry,81.66666666666667,0.0,6.633333333333333
677,dry,79.0,1.0,4.166666666666667
688,dry,83.66666666666667,2.0,6.5
697,dry,84.0,2.0,5.166666666666667
707,dry,75.33333333333333,2.0,10.933333333333332
717,dry,63.666666666666664,1.0,11.933333333333335
726,dry,57.333333333333336,0.0,9.933333333333334
736,dry,99.0,3.0,9.833333333333334
745,dry,91.0,3.0,13.200000000000001
534,dry,38.0,0.0,14.866666666666665
550,dry,46.666666666666664,1.0,22.900000000000002
566,rain,77.33333333333333,51.0,16.066666666666666
582,dry,46.666666666666664,0.0,21.7
596,dry,41.333333333333336,1.0,14.199999999999998
611,dry,34.333333333333336,0.0,19.8
558,rain,98.33333333333333,61.0,11.966666666666667
573,dry,82.33333333333333,0.0,12.433333333333335
603,dry,81.33333333333333,3.0,6.833333333333333
618,dry,92.0,3.0,13.233333333333334
630,dry,92.33333333333333,3.0,13.366666666666667
641,dry,83.0,0.0,13.866666666666667
664,dry,76.33333333333333,0.0,9.933333333333334
686,dry,92.66666666666667,3.0,19.333333333333332
579,dry,61.333333333333336,0.0,18.8
608,dry,80.33333333333333,1.0,16.76666666666667
657,rain,85.33333333333333,51.0,17.066666666666666
594,dry,48.333333333333336,3.0,17.166666666666664
633,dry,74.33333333333333,3.0,16.333333333333332
624,dry,65.33333333333333,3.0,18.73333333333333
625,dry,60.333333333333336,3.0,12.300000000000002
648,dry,58.0,1.0,18.566666666666666
660,dry,54.333333333333336,1.0,22.23333333333333
676,dry,92.0,0.0,15.4
653,dry,89.0,0.0,12.133333333333333
702,rain,69.0,51.0,19.5
672,rain,63.666666666666664,51.0,20.76666666666667
712,dry,72.0,3.0,19.3
820,rain,68.0,51.0,25.233333333333334
732,dry,34.0,0.0,22.833333333333332
779,dry,52.666666666666664,1.0,23.599999999999998
692,dry,57.333333333333336,1.0,26.166666666666668
722,dry,52.333333333333336,3.0,20.26666666666667
683,dry,63.0,1.0,24.46666666666667
741,dry,33.666666666666664,0.0,31.366666666666664
751,rain,55.666666666666664,51.0,16.866666666666667
759,dry,43.333333333333336,0.0,28.633333333333336
770,rain,57.666666666666664,51.0,21.033333333333335
788,dry,63.0,1.0,20.0
828,dry,60.666666666666664,0.0,18.76666666666667
802,dry,50.666666666666664,1.0,17.766666666666666
812,dry,59.0,0.0,21.666666666666668
699,dry,64.0,1.0,25.366666666666664
838,dry,49.0,1.0,24.933333333333337
728,dry,70.0,0.0,28.933333333333334
737,dry,63.666666666666664,3.0,23.166666666666668
715,dry,61.666666666666664,2.0,17.4
760,rain,74.33333333333333,51.0,18.566666666666666
742,rain,78.33333333333333,61.0,14.333333333333334
780,rain,77.66666666666667,53.0,15.566666666666668
733,rain,71.0,51.0,16.266666666666666
797,dry,70.0,0.0,19.433333333333334
753,dry,57.333333333333336,2.0,21.766666666666666
773,dry,66.66666666666667,3.0,20.3
755,dry,66.33333333333333,0.0,3.966666666666666
762,dry,25.333333333333332,0.0,30.566666666666666
764,dry,93.33333333333333,1.0,16.666666666666668
761,rain,71.33333333333333,51.0,20.2
775,dry,44.333333333333336,0.0,24.633333333333336
782,dry,50.0,0.0,26.666666666666668
805,rain,88.66666666666667,53.0,11.333333333333334
815,dry,48.333333333333336,3.0,16.666666666666668
817,dry,43.0,0.0,16.666666666666668
825,rain,78.0,51.0,12.200000000000001
807,dry,58.0,0.0,21.666666666666668
836,dry,54.666666666666664,0.0,22.433333333333334
832,dry,59.333333333333336,0.0,18.133333333333333
857,dry,36.0,0.0,29.366666666666664
876,dry,39.0,0.0,27.733333333333334
896,dry,39.666666666666664,0.0,29.099999999999998
878,dry,35.333333333333336,0.0,21.733333333333334
942,rain,85.0,51.0,16.8
916,dry,38.0,1.0,23.133333333333336
898,dry,59.333333333333336,0.0,28.53333333333333
965,dry,41.0,1.0,26.5
985,dry,42.0,0.0,25.7
1006,dry,45.666666666666664,0.0,20.700000000000003
1028,dry,36.0,0.0,20.066666666666666
1069,rain,59.666666666666664,51.0,28.5
1093,dry,40.666666666666664,2.0,29.866666666666664
941,dry,40.0,2.0,18.96666666666667
915,dry,52.666666666666664,0.0,25.766666666666666
951,rain,72.66666666666667,51.0,18.133333333333333
972,dry,50.0,0.0,24.03333333333333
1004,rain,57.666666666666664,51.0,22.933333333333334
1025,rain,72.33333333333333,51.0,21.666666666666668
1040,dry,38.0,0.0,31.53333333333333
955,dry,68.66666666666667,1.0,27.7
976,rain,72.0,51.0,26.600000000000005
992,dry,66.66666666666667,1.0,13.933333333333332
1013,dry,74.0,0.0,16.966666666666665
1057,dry,74.0,1.0,21.3
1101,dry,70.66666666666667,0.0,19.8
1081,dry,46.333333333333336,0.0,27.8
1039,dry,40.333333333333336,0.0,29.46666666666667
1042,rain,71.0,51.0,19.8
1072,dry,79.33333333333333,0.0,26.73333333333333
1054,dry,40.0,1.0,18.666666666666668
1051,dry,67.0,0.0,26.733333333333334
1099,dry,65.0,0.0,24.5
1075,dry,56.666666666666664,0.0,24.833333333333332
1078,rain,66.0,51.0,28.7
1102,rain,63.333333333333336,51.0,25.866666666666664
1066,rain,82.0,51.0,17.233333333333334
